column,title,unit,description,source
country,Country,,Geographic location.,Our World in Data - Regions (2024)
year,Year,,Year of observation.,Our World in Data - Regions (2024)
iso_code,ISO code,,ISO 3166-1 alpha-3 three-letter country codes.,International Organization for Standardization - Regions (2023)
population,Population,people,"Population by country, available from 10,000 BCE to 2100, based on data and estimates from different sources.",Population based on various sources (2024) [https://ourworldindata.org/population-sources]
gdp,Gross domestic product (GDP),international-$ in 2011 prices ($),Total economic output of a country or region per year. This data is adjusted for inflation and differences in living costs between countries.,Bolt and van Zanden – Maddison Project Database 2023 [https://www.rug.nl/ggdc/historicaldevelopment/maddison/releases/maddison-project-database-2023]
cement_co2,Annual CO₂ emissions from cement,million tonnes (Mt),"Annual emissions of carbon dioxide (CO₂) from cement, measured in million tonnes.",Global Carbon Budget (2025) [https://globalcarbonbudget.org/]
co2,Annual CO₂ emissions,million tonnes (Mt),"Annual total emissions of carbon dioxide (CO₂), excluding land-use change, measured in million tonnes.",Global Carbon Budget (2025) [https://globalcarbonbudget.org/]
co2_per_capita,CO₂ emissions per capita,tonnes per person (t/person),"Carbon dioxide (CO₂) emissions from burning fossil fuels and industrial processes. This includes emissions from transport, electricity generation, and heating, but not land-use change.",Global Carbon Budget (2025) [https://globalcarbonbudget.org/]; Population based on various sources (2024) [https://ourworldindata.org/population-sources]
co2_per_gdp,Annual CO₂ emissions per GDP (kg per international-$),kilograms per international-$ (kg/$),"Annual total emissions of carbon dioxide (CO₂), excluding land-use change, measured in kilograms per dollar of GDP (2011 international-$).",Global Carbon Budget (2025) [https://globalcarbonbudget.org/]; Bolt and van Zanden – Maddison Project Database 2023 [https://www.rug.nl/ggdc/historicaldevelopment/maddison/releases/maddison-project-database-2023]
coal_co2,Annual CO₂ emissions from coal,million tonnes (Mt),"Annual emissions of carbon dioxide (CO₂) from coal, measured in million tonnes.",Global Carbon Budget (2025) [https://globalcarbonbudget.org/]
consumption_co2,Annual consumption-based CO₂ emissions,million tonnes (Mt),"Annual consumption-based emissions of carbon dioxide (CO₂), measured in million tonnes.",Global Carbon Budget (2025) [https://globalcarbonbudget.org/]
consumption_co2_per_capita,Per capita consumption-based CO₂ emissions,tonnes per person (t/person),"Annual consumption-based emissions of carbon dioxide (CO₂), measured in tonnes per person.",Global Carbon Budget (2025) [https://globalcarbonbudget.org/]; Population based on various sources (2024) [https://ourworldindata.org/population-sources]
flaring_co2,Annual CO₂ emissions from flaring,million tonnes (Mt),"Annual emissions of carbon dioxide (CO₂) from flaring, measured in million tonnes.",Global Carbon Budget (2025) [https://globalcarbonbudget.org/]
gas_co2,Annual CO₂ emissions from gas,million tonnes (Mt),"Annual emissions of carbon dioxide (CO₂) from gas, measured in million tonnes.",Global Carbon Budget (2025) [https://globalcarbonbudget.org/]
oil_co2,Annual CO₂ emissions from oil,million tonnes (Mt),"Annual emissions of carbon dioxide (CO₂) from oil, measured in million tonnes.",Global Carbon Budget (2025) [https://globalcarbonbudget.org/]
share_global_co2,Share of global annual CO₂ emissions,%,"Annual total emissions of carbon dioxide (CO₂), excluding land-use change, measured as a percentage of global emissions of CO₂ in the same year.",Global Carbon Budget (2025) [https://globalcarbonbudget.org/]
