district,year,population,cases,deaths,vaccinated_pct
North,2019,1820000,395,3,72.6
North,2020,1829000,374,3,64.9
North,2021,1838000,373,3,56.0
North,2022,1847000,404,3,57.4
North,2023,1856000,403,4,58.3
North,2024,1865000,387,4,80.6
South,2019,1540000,370,3,
South,2020,1549000,399,-4,
South,2021,1558000,391,3,
South,2022,1567000,339,2,
South,2023,1576000,351,3,
South,2024,1585000,341,3,
East,2019,1210000,306,2,69.8
East,2020,1219000,271,2,60.6
East,2021,1228000,308,2,63.5
East,2021,1228000,308,2,63.5
East,2022,1237000,303,2,63.1
East,2023,1246000,315,3,61.6
East,2024,1255000,302,3,78.6
West,2019,1690000,397,3,
West,2020,1699000,416,3,
West,2021,1708000,373,4,
West,2022,1717000,4820,3,
West,2023,1726000,344,3,
West,2024,1735000,400,4,
Central,2019,2310000,485,4,73.8
Central,2020,2319000,460,4,67.3
Central,2021,2328000,482,5,67.8
Central,2022,2337000,466,3,73.9
Central,2023,"2,354,000",465,5,77.2
Central,2024,2355000,432,4,73.1
Hill,2021,428000,108,1,
Hill,2022,437000,112,1,
Hill,2023,446000,109,1,
Hill,2024,455000,111,1,
